<?xml version="1.0"?>
<RAD_FUNCTIONS><FUNCTION_ID>DENGWPPS</FUNCTION_ID><FUNCTION_TYPE/><FUNCTION_CATEGORY>NOTIFICATION</FUNCTION_CATEGORY><FUNCTION_ORIGIN>CUSTOM</FUNCTION_ORIGIN><PARENT_FUNC_ID/><PARENT_ORIGIN/><HEADER_TEMPLATE/><FOOTER_TEMPLATE/><ACTION>LOAD</ACTION><GEN_ALL>N</GEN_ALL><RELEASE_TYPE>CUSTOM</RELEASE_TYPE><CALL_FORM_TYPE/><LANG_CODE>ENG</LANG_CODE><OPERATION>GENERATE</OPERATION><ORIGINATION_DATE></ORIGINATION_DATE><USER_ID>OFSSDEV</USER_ID><RELEASE_CODE>FCUBS_COLV_RELEASE</RELEASE_CODE><SFR_NO/><SUB_PROJECT/><DDL_REMARKS/><CHECKIN_MODE/><SITE_CODE/><ENV_CODE>FCN1DIT1</ENV_CODE><RAD_KERNEL><RAD_NOTIFICATIONS><TYPE_XSD></TYPE_XSD><FS_RES_XSD></FS_RES_XSD><PK_RES_XSD></PK_RES_XSD><FC_FUNCTION_ROUTING></FC_FUNCTION_ROUTING><NOTIFICATION_CODE>TRG_NOT_DE_GWPSND</NOTIFICATION_CODE><NOTIFICATION_DESC>Notification for GWPagee for Resv balance in account for DE</NOTIFICATION_DESC><NOTIFICATION_XSD>NOT-Degwpsnd-Notif.xsd</NOTIFICATION_XSD><NOTIFICATION_MODULE>DE</NOTIFICATION_MODULE><NOTIFICATION_MODULEDESC>Data Entry</NOTIFICATION_MODULEDESC><BASE_TABLE>DETB_RESERVE_DTL_EXTGBL</BASE_TABLE><FULL_SCREEN_RESPONSE>N</FULL_SCREEN_RESPONSE><OPERATION>INSERT</OPERATION><GATEWAY_SERVICE></GATEWAY_SERVICE><GATEWAY_OPERATION></GATEWAY_OPERATION><GATEWAY_IO_REQUEST_NODE></GATEWAY_IO_REQUEST_NODE><FILTER_TYPE>N</FILTER_TYPE><HO_ONLY>N</HO_ONLY><SPECIFIC_NOTIFICATION>N</SPECIFIC_NOTIFICATION><FILTERLOGIC></FILTERLOGIC><PK_COLS>REFERENCE_NO~DATETIMESTAMP</PK_COLS><PK_TYPES>VARCHAR2~VARCHAR2</PK_TYPES><WEBSERVICE_TAGS ID="Id_Sist"><ORDER>1</ORDER><XSD_FIELD>Id_Sist</XSD_FIELD><TABLE_FIELD>SYSTEM_ID</TABLE_FIELD><DATA_TYPE>VARCHAR2</DATA_TYPE><MAX_LENGTH>4</MAX_LENGTH></WEBSERVICE_TAGS><WEBSERVICE_TAGS ID="DtHr"><ORDER>2</ORDER><XSD_FIELD>DtHr</XSD_FIELD><TABLE_FIELD>DATETIMESTAMP</TABLE_FIELD><DATA_TYPE>VARCHAR2</DATA_TYPE><MAX_LENGTH>14</MAX_LENGTH></WEBSERVICE_TAGS><WEBSERVICE_TAGS ID="ClgReg"><ORDER>3</ORDER><XSD_FIELD>ClgReg</XSD_FIELD><TABLE_FIELD>MSG_REG</TABLE_FIELD><DATA_TYPE>CHAR</DATA_TYPE><MAX_LENGTH>1</MAX_LENGTH></WEBSERVICE_TAGS><WEBSERVICE_TAGS ID="CodMsg"><ORDER>4</ORDER><XSD_FIELD>CodMsg</XSD_FIELD><TABLE_FIELD>MSG_TYPE</TABLE_FIELD><DATA_TYPE>CHAR</DATA_TYPE><MAX_LENGTH>7</MAX_LENGTH></WEBSERVICE_TAGS><WEBSERVICE_TAGS ID="CtaCongenere"><ORDER>5</ORDER><XSD_FIELD>CtaCongenere</XSD_FIELD><TABLE_FIELD>ACCOUNT</TABLE_FIELD><DATA_TYPE>VARCHAR2</DATA_TYPE><MAX_LENGTH>20</MAX_LENGTH></WEBSERVICE_TAGS><WEBSERVICE_TAGS ID="NumOpOrig"><ORDER>6</ORDER><XSD_FIELD>NumOpOrig</XSD_FIELD><TABLE_FIELD>REFERENCE_NO</TABLE_FIELD><DATA_TYPE>VARCHAR2</DATA_TYPE><MAX_LENGTH>16</MAX_LENGTH></WEBSERVICE_TAGS><WEBSERVICE_TAGS ID="DtMovTo"><ORDER>7</ORDER><XSD_FIELD>DtMovTo</XSD_FIELD><TABLE_FIELD>VALUE_DT</TABLE_FIELD><DATA_TYPE>VARCHAR2</DATA_TYPE><MAX_LENGTH>14</MAX_LENGTH></WEBSERVICE_TAGS><WEBSERVICE_TAGS ID="Vlr"><ORDER>8</ORDER><XSD_FIELD>Vlr</XSD_FIELD><TABLE_FIELD>AMOUNT</TABLE_FIELD><DATA_TYPE>NUMBER</DATA_TYPE><MAX_LENGTH>22</MAX_LENGTH></WEBSERVICE_TAGS></RAD_NOTIFICATIONS></RAD_KERNEL></RAD_FUNCTIONS>